sample_index,label,explainer,base_score,top_deleted_score,random_deleted_score,top_score_drop,random_score_drop,top_terms
0,usability,contrastive_projection_intrinsic,0.47963224388059483,0.46355614831423186,0.4773420515398359,0.01607609556636297,0.0022901923407589453,"use, be able, able to"
0,usability,svm_tfidf_coefficients,0.47805211099828526,0.4097720135845621,0.4717053958377057,0.06828009741372315,0.006346715160579552,"use, the users, their"
1,availability,contrastive_projection_intrinsic,0.41795775977666,0.41795775977666,0.41795775977665994,0.0,5.551115123125783e-17,"by, users, and"
1,availability,svm_tfidf_coefficients,0.2697541375608974,0.2997985682954574,0.27851716840205576,-0.030044430734560035,-0.00876303084115837,"users, and, by"
1,security,contrastive_projection_intrinsic,0.4494159536398945,0.4488533293715307,0.4494784624463772,0.0005626242683637872,-6.25088064826751e-05,"disputes system, users, disputes"
1,security,svm_tfidf_coefficients,0.4186438569300905,0.358227592433487,0.41730925414054326,0.06041626449660348,0.0013346027895472234,"disputes system, disputes, users"
2,operability,contrastive_projection_intrinsic,0.4421976016280378,0.43558910549084434,0.4418667485208032,0.0066084961371934425,0.0003308531072345744,"be, shall be, to be"
2,operability,svm_tfidf_coefficients,0.40597370022965434,0.32347575009503804,0.4004844150299207,0.0824979501346163,0.005489285199733629,"be, shall be, to be"
3,look_and_feel,contrastive_projection_intrinsic,0.5169945287482406,0.4749227646790713,0.5034937159602477,0.04207176406916929,0.013500812787992866,"ship, simulate the, simulate"
3,look_and_feel,svm_tfidf_coefficients,0.6438740291775112,0.5012232992306287,0.601077431297731,0.14265072994688255,0.042796597879780296,"ship, simulate the, simulate"
4,operability,contrastive_projection_intrinsic,0.446975708148865,0.4356321855042907,0.44505474966115244,0.011343522644574278,0.0019209584877125652,"environment, operate within, operate"
4,operability,svm_tfidf_coefficients,0.4791081269056025,0.3623833776143847,0.4656805616277237,0.11672474929121779,0.013427565277878806,"environment, operate within, within"
5,usability,contrastive_projection_intrinsic,0.49070198846415525,0.4602674863867486,0.48267515999511884,0.030434502077406667,0.008026828469036407,"use, shall use, navigation"
5,usability,svm_tfidf_coefficients,0.5370891655173533,0.4162087529210637,0.49969019946460747,0.12088041259628962,0.03739896605274584,"use, navigation, use standard"
6,performance,contrastive_projection_intrinsic,0.5268637933460374,0.46710439425341577,0.5202328035142136,0.05975939909262162,0.006630989831823753,"seconds, time, response time"
6,performance,svm_tfidf_coefficients,0.5871528159794921,0.46416774335457556,0.5586133010764992,0.12298507262491654,0.02853951490299289,"seconds, time, movie"
7,availability,contrastive_projection_intrinsic,0.4671335286332083,0.4179866149189388,0.45731737061639227,0.04914691371426949,0.009816158016816012,"available, be available, technical"
7,availability,svm_tfidf_coefficients,0.48075041516385225,0.31829871401999,0.4410066451193042,0.16245170114386226,0.039743770044548044,"available, be available, technical"
7,fault_tolerance,contrastive_projection_intrinsic,0.39909117449370546,0.39909117449370546,0.3993552820746572,0.0,-0.0002641075809517446,"available, available to, be"
7,fault_tolerance,svm_tfidf_coefficients,0.3203692585536318,0.28241255881247673,0.31611821441808813,0.037956699741155064,0.004251044135543669,"available, available to, will"
8,look_and_feel,contrastive_projection_intrinsic,0.4431316908373646,0.4419923225093722,0.44415885962397667,0.001139368327992385,-0.001027168786612076,"and, products, allow"
8,look_and_feel,svm_tfidf_coefficients,0.45015975534702213,0.3822138946008695,0.43026830809138294,0.06794586074615261,0.019891447255639183,"and, products, allow"
8,usability,contrastive_projection_intrinsic,0.48917504029480186,0.455282506308007,0.47947168160533143,0.03389253398679487,0.00970335868947042,"and, shall allow, allow"
8,usability,svm_tfidf_coefficients,0.5619985602328343,0.3885120666964794,0.47402983069923565,0.17348649353635492,0.08796872953359869,"and, shall allow, allow"
9,operability,contrastive_projection_intrinsic,0.43558910549084434,0.43558910549084434,0.4355891054908444,0.0,-5.551115123125783e-17,"user, of the, of"
9,operability,svm_tfidf_coefficients,0.2746059596337999,0.31760177127837624,0.2840531083913159,-0.04299581164457633,-0.00944714875751601,"user, of, of the"
10,availability,contrastive_projection_intrinsic,0.4775703428863625,0.4205758015300231,0.4637439235355539,0.05699454135633941,0.013826419350808639,"time, shall achieve, achieve"
10,availability,svm_tfidf_coefficients,0.5510722209829286,0.36513287873877415,0.5024040347485094,0.18593934224415448,0.048668186234419264,"shall achieve, achieve, time"
11,security,contrastive_projection_intrinsic,0.4502454704844826,0.4488533293715307,0.4501176324279925,0.0013921411129518835,0.00012783805649008162,"security, and or, the system"
11,security,svm_tfidf_coefficients,0.4385017544001422,0.40029194575327076,0.4339990155366163,0.03820980864687146,0.0045027388635259236,"security, and or, in"
12,performance,contrastive_projection_intrinsic,0.6037484766796651,0.5310521681548154,0.5813483851200378,0.07269630852484976,0.0224000915596273,"minutes, 10, shall let"
12,performance,svm_tfidf_coefficients,0.7380667219146515,0.6128370852171202,0.6893380461563996,0.1252296366975313,0.048728675758251905,"minutes, shall let, let"
12,usability,contrastive_projection_intrinsic,0.5202589067836006,0.48874644963637737,0.5068788913029441,0.03151245714722328,0.013380015480656593,"minutes, under, in under"
12,usability,svm_tfidf_coefficients,0.6059944246480995,0.517106809862012,0.5735787517853024,0.08888761478608753,0.03241567286279712,"minutes, shall let, let"
13,operability,contrastive_projection_intrinsic,0.45823836793244105,0.44085900074076695,0.45477393380044767,0.0173793671916741,0.003464434131993377,"server, servers, available for"
13,operability,svm_tfidf_coefficients,0.5138729196034834,0.40765197619977356,0.48804614067170676,0.1062209434037098,0.025826778931776595,"server, servers, or"
14,security,contrastive_projection_intrinsic,0.4488533293715307,0.4566933906142905,0.4491708770500074,-0.007840061242759766,-0.00031754767847669285,"the product, product shall, product"
14,security,svm_tfidf_coefficients,0.4441646418743386,0.38109255799231045,0.4407153664235976,0.06307208388202812,0.003449275450740974,"security, security the, the"
15,security,contrastive_projection_intrinsic,0.5446179602863199,0.46855218181185965,0.5331136671899608,0.07606577847446028,0.011504293096359142,"authorized, only, access"
15,security,svm_tfidf_coefficients,0.726983691069216,0.5733577204357415,0.7037339253050865,0.1536259706334745,0.023249765764129515,"authorized, only, access"
16,operability,contrastive_projection_intrinsic,0.4705012720866101,0.44212671624127087,0.4703088118705054,0.02837455584533921,0.0001924602161046951,"with, server, database"
16,operability,svm_tfidf_coefficients,0.5252443273546441,0.42719629234968365,0.5038581534863691,0.09804803500496045,0.021386173868275016,"with, server, database"
16,portability,contrastive_projection_intrinsic,0.46748705839980315,0.4269695641193606,0.46082354886703775,0.040517494280442545,0.006663509532765399,"systems, the product, product"
16,portability,svm_tfidf_coefficients,0.47324677632145695,0.4090335478128282,0.4485697501647507,0.06421322850862876,0.02467702615670625,"systems, is expected, the product"
17,scalability,contrastive_projection_intrinsic,0.4178278011019074,0.4057713640070018,0.4170117460491778,0.012056437094905614,0.0008160550527296362,"minimum, minimum of, for minimum"
17,scalability,svm_tfidf_coefficients,0.39110054966103436,0.31492335850260184,0.38072732228838696,0.07617719115843252,0.010373227372647398,"minimum, minimum of, for minimum"
18,usability,contrastive_projection_intrinsic,0.456436569022872,0.4552785788073265,0.45596889580449274,0.0011579902155455235,0.0004676732183792609,"users, all, using the"
18,usability,svm_tfidf_coefficients,0.4153684850378222,0.3675846605083184,0.4025880677308098,0.047783824529503804,0.012780417307012404,"users, using the, users shall"
19,maintainability,contrastive_projection_intrinsic,0.42025829571455653,0.4117989825261484,0.41836555660287866,0.008459313188408146,0.0018927391116778658,"statistics, will be, will"
19,maintainability,svm_tfidf_coefficients,0.4164566892907869,0.3374504177389026,0.39420477638033274,0.07900627155188428,0.02225191291045414,"statistics, will be, will"
19,operability,contrastive_projection_intrinsic,0.44324075047677114,0.43558910549084434,0.442703438651306,0.007651644985926798,0.0005373118254651255,"used, database, be used"
19,operability,svm_tfidf_coefficients,0.4739222732691919,0.33548799696574827,0.4420347086632027,0.13843427630344363,0.03188756460598918,"used, be used, database"
20,security,contrastive_projection_intrinsic,0.4543984696447361,0.4488533293715307,0.45393024062144904,0.005545140273205407,0.00046822902328708116,"data, information, data from"
20,security,svm_tfidf_coefficients,0.4293456712460966,0.3908146857612881,0.42860366664020605,0.038530985484808544,0.0007420046058905783,"data, information, website"
20,usability,contrastive_projection_intrinsic,0.4548961130952169,0.4540550221748086,0.4551357872251458,0.0008410909204082939,-0.000239674129928924,"the website, website, user"
20,usability,svm_tfidf_coefficients,0.4243334142344017,0.35057377674052675,0.4123614047498792,0.07375963749387493,0.011972009484522483,"the website, website, user"
21,usability,contrastive_projection_intrinsic,0.4920094943084691,0.47028395853215993,0.4861684879135815,0.021725535776309146,0.005841006394887549,"after, streaming movies, the website"
21,usability,svm_tfidf_coefficients,0.5689451949857139,0.47889347665349624,0.5359205415081161,0.0900517183322177,0.033024653477597865,"after, streaming movies, the website"
22,availability,contrastive_projection_intrinsic,0.41795775977666,0.41795775977666,0.41795775977665994,0.0,5.551115123125783e-17,"of, able, able to"
22,availability,svm_tfidf_coefficients,0.3037053045291065,0.298717929475658,0.30308064150600034,0.004987375053448484,0.0006246630231061534,"of, user, able"
22,performance,contrastive_projection_intrinsic,0.4514071107227829,0.4412577816944497,0.45056512520948,0.01014932902833321,0.0008419855133028897,"complete, within, able to"
22,performance,svm_tfidf_coefficients,0.4629210783168875,0.3824379819324458,0.44939258541627397,0.08048309638444168,0.013528492900613531,"complete, within, to complete"
23,usability,contrastive_projection_intrinsic,0.5477974830115699,0.49029350946418315,0.5347005978218048,0.05750397354738679,0.01309688518976515,"use, to use, after"
23,usability,svm_tfidf_coefficients,0.6200299312125902,0.5129348509724775,0.584867965050507,0.10709508024011272,0.035161966162083225,"use, to use, all of"
24,operability,contrastive_projection_intrinsic,0.4522517282410076,0.43768647466130445,0.4503294982569308,0.014565253579703175,0.0019222299840768176,"within the, operate within, operate"
24,operability,svm_tfidf_coefficients,0.5087721478662464,0.40449013790433025,0.4812966977770507,0.10428200996191611,0.027475450089195663,"within the, operate within, within"
25,operability,contrastive_projection_intrinsic,0.5620818107842129,0.45710115520713024,0.5406416448215022,0.1049806555770827,0.0214401659627107,"interface with, interface, with"
25,operability,svm_tfidf_coefficients,0.6484710477086717,0.4597400280599305,0.5702239756624965,0.18873101964874123,0.0782470720461752,"interface with, interface, with"
26,look_and_feel,contrastive_projection_intrinsic,0.4689174962194874,0.4494669464766666,0.4616089904862347,0.019450549742820844,0.0073085057332527015,"interface, have, interface shall"
26,look_and_feel,svm_tfidf_coefficients,0.5404204683173636,0.4607543534386185,0.500321543647258,0.07966611487874509,0.04009892467010556,"interface, navigation, have"
27,security,contrastive_projection_intrinsic,0.4783452533304378,0.4488833600774848,0.47058922568675526,0.02946189325295301,0.00775602764368255,"prevent, malicious, shall prevent"
27,security,svm_tfidf_coefficients,0.5655142635769737,0.3982364364709139,0.5186353460614133,0.16727782710605976,0.04687891751556039,"prevent, malicious, shall prevent"
28,scalability,contrastive_projection_intrinsic,0.5148425975302854,0.42035011777537284,0.4849691616807259,0.09449247975491254,0.029873435849559482,"000, simultaneous users, simultaneous"
28,scalability,svm_tfidf_coefficients,0.5905997971866893,0.3929444994667999,0.5223849038929876,0.19765529771988943,0.06821489329370167,"000, simultaneous users, simultaneous"
29,look_and_feel,contrastive_projection_intrinsic,0.4634655209578207,0.44231591267913234,0.45952712227919773,0.021149608278688337,0.003938398678622945,"the website, website, and"
29,look_and_feel,svm_tfidf_coefficients,0.5847302769974815,0.4224434250217642,0.5568149085270058,0.1622868519757173,0.02791536847047571,"the website, website, shall appear"
30,portability,contrastive_projection_intrinsic,0.6070489792703834,0.5112495223644968,0.5785857578836614,0.09579945690588654,0.02846322138672197,"internet, run, product must"
30,portability,svm_tfidf_coefficients,0.6198464754934897,0.49878870444144074,0.5754551586950657,0.12105777105204896,0.04439131679842401,"internet, product must, internet explorer"
31,performance,contrastive_projection_intrinsic,0.6640203972810073,0.5630866881112535,0.6361058964867292,0.10093370916975375,0.02791450079427804,"seconds, than, no"
31,performance,svm_tfidf_coefficients,0.6984278043454523,0.59605061421516,0.6593979662913958,0.10237719013029223,0.039029838054056465,"seconds, within seconds, no"
32,look_and_feel,contrastive_projection_intrinsic,0.4730358793258719,0.4468952131403369,0.46442644424730717,0.026140666185534955,0.008609435078564709,"that are, table, that"
32,look_and_feel,svm_tfidf_coefficients,0.5284820735305097,0.42925460779341207,0.49530169189021866,0.09922746573709762,0.03318038164029102,"that are, table, the table"
33,look_and_feel,contrastive_projection_intrinsic,0.4818068000944767,0.4535068083803095,0.4790165887984722,0.028299991714167194,0.0027902112960044856,"the website, website, feel"
33,look_and_feel,svm_tfidf_coefficients,0.6052010882076213,0.474348234205531,0.5754945929274261,0.1308528540020903,0.0297064952801952,"the website, website, website should"
34,maintainability,contrastive_projection_intrinsic,0.41177729716313516,0.41177729716313516,0.41187079110205604,0.0,-9.349393892088553e-05,"new, with the, with"
34,maintainability,svm_tfidf_coefficients,0.3328551196929515,0.2856246335432,0.33858908693415557,0.047230486149751505,-0.005733967241204063,"new, with the, integrate new"
35,usability,contrastive_projection_intrinsic,0.5594193069954406,0.5176063222964303,0.554145163658935,0.04181298469901029,0.005274143336505666,"intuitive, 90, minutes"
35,usability,svm_tfidf_coefficients,0.6661642137563568,0.5587171742718248,0.6425161775678133,0.10744703948453205,0.023648036188543498,"intuitive, 90, be intuitive"
36,maintainability,contrastive_projection_intrinsic,0.41549457682384067,0.4117951425969015,0.41484767122775357,0.003699434226939191,0.0006469055960870995,"new, software, for"
36,maintainability,svm_tfidf_coefficients,0.38565238954564685,0.3405211786046152,0.3835445167880027,0.04513121094103162,0.0021078727576441247,"new, software, for"
36,portability,contrastive_projection_intrinsic,0.43828465493081253,0.408357211071727,0.43603691784302767,0.029927443859085523,0.0022477370877848624,"systems, product must, the product"
36,portability,svm_tfidf_coefficients,0.44726281316276506,0.37896803268679324,0.4332017153176661,0.06829478047597182,0.014061097845098958,"systems, product must, the product"
37,usability,contrastive_projection_intrinsic,0.5641210642866551,0.5178707681956612,0.5545996703569986,0.04625029609099385,0.009521393929656452,"intuitive, be intuitive, and"
37,usability,svm_tfidf_coefficients,0.6762235472353119,0.5645307055401657,0.6430636432015524,0.11169284169514615,0.03315990403375946,"intuitive, be intuitive, and"
38,availability,contrastive_projection_intrinsic,0.4437010423722427,0.41839535656625265,0.443431509587375,0.025305685805990075,0.0002695327848677431,"hours, of the, during"
38,availability,svm_tfidf_coefficients,0.4646566679005333,0.35291404962644646,0.4498147723686112,0.11174261827408682,0.014841895531922056,"of the, hours, all of"
38,scalability,contrastive_projection_intrinsic,0.4568537309405668,0.4108575013458093,0.45180136467042104,0.04599622959475752,0.0050523662701457694,"to handle, handle, able"
38,scalability,svm_tfidf_coefficients,0.4408043383159147,0.33259347905836445,0.4263836985971426,0.10821085925755025,0.01442063971877211,"to handle, handle, able"
39,fault_tolerance,contrastive_projection_intrinsic,0.4175466022183602,0.4017829270578411,0.41361394152988135,0.01576367516051913,0.003932660688478862,"fault, robust, have fault"
39,fault_tolerance,svm_tfidf_coefficients,0.42970727208499665,0.33786869412656867,0.4127229058034606,0.09183857795842798,0.016984366281536045,"fault, robust, have fault"
39,performance,contrastive_projection_intrinsic,0.4407682453772891,0.4407682453772891,0.44076824537728904,0.0,5.551115123125783e-17,"product, the product, product shall"
39,performance,svm_tfidf_coefficients,0.2664490060865629,0.3178839698583808,0.28068268831781445,-0.05143496377181789,-0.014233682231251543,"product, the product, have"
40,performance,contrastive_projection_intrinsic,0.4407682453772891,0.4407682453772891,0.44079642993788526,0.0,-2.8184560596167252e-05,"report, product, the product"
40,performance,svm_tfidf_coefficients,0.3531539796596119,0.37343124104204145,0.3549280151157803,-0.020277261382429523,-0.001774035456168388,"users, report, product"
40,usability,contrastive_projection_intrinsic,0.46286323044325,0.4576234204875496,0.46179314009680406,0.005239809955700392,0.001070090346445951,"users, their, the users"
40,usability,svm_tfidf_coefficients,0.48389738339095895,0.4343500691623285,0.4669246833958439,0.04954731422863046,0.016972699995115026,"the users, their, users"
41,look_and_feel,contrastive_projection_intrinsic,0.4592304977774353,0.44657927273906944,0.4556399807282764,0.012651225038365854,0.0035905170491589145,"page, navigation, current"
41,look_and_feel,svm_tfidf_coefficients,0.5507557658425133,0.4492581522023331,0.5094393731579689,0.10149761364018017,0.041316392684544345,"page, current, navigation"
42,performance,contrastive_projection_intrinsic,0.4628762105974982,0.44271416133279207,0.4594696557980984,0.02016204926470616,0.00340655479939983,"minutes, within, time"
42,performance,svm_tfidf_coefficients,0.5358391108395252,0.4122185385818613,0.5127971115403617,0.12362057225766387,0.023041999299163507,"minutes, within, process"
43,maintainability,contrastive_projection_intrinsic,0.4199715114059947,0.41318386189305073,0.41878834044182744,0.006787649512943972,0.0011831709641672572,"updates, website, to update"
43,maintainability,svm_tfidf_coefficients,0.4343342043179211,0.3463859843531184,0.4134046003199452,0.08794821996480268,0.020929603997975887,"updates, to, to update"
43,usability,contrastive_projection_intrinsic,0.4540550221748086,0.4540550221748086,0.45410648787873137,0.0,-5.1465703922781714e-05,"the website, day, to"
43,usability,svm_tfidf_coefficients,0.35501364641493927,0.3298519112913944,0.35494109894619585,0.02516173512354486,7.254746874341134e-05,"the website, website, day"
44,legal,contrastive_projection_intrinsic,0.41969499364014395,0.40741212056482135,0.419179544024464,0.012282873075322609,0.0005154496156799526,"corporate, the corporate, by"
44,legal,svm_tfidf_coefficients,0.3975973549856445,0.32757262977423907,0.3961777730740061,0.07002472521140546,0.0014195819116384345,"corporate, by, the corporate"
44,look_and_feel,contrastive_projection_intrinsic,0.44843051450660915,0.44210729048168895,0.44838147759105246,0.006323224024920193,4.903691555668832e-05,"shall use, and, use"
44,look_and_feel,svm_tfidf_coefficients,0.4140301793360038,0.35921734342033335,0.41269974040100055,0.05481283591567043,0.0013304389350032308,"and, shall use, use"
44,usability,contrastive_projection_intrinsic,0.4644672235055396,0.4540567666556678,0.46461564084126694,0.010410456849871796,-0.0001484173357273466,"use, and, by"
44,usability,svm_tfidf_coefficients,0.4089795754958347,0.31732594605382236,0.4029752030030406,0.09165362944201233,0.006004372492794063,"and, use, by"
45,security,contrastive_projection_intrinsic,0.6259367413395833,0.5077826035848001,0.6013756904389717,0.11815413775478323,0.02456105090061167,"only, access, authorized"
45,security,svm_tfidf_coefficients,0.7419083585935283,0.5833076784362119,0.7014882954647962,0.15860068015731643,0.04042006312873214,"only, access, authorized"
46,legal,contrastive_projection_intrinsic,0.6175126104778385,0.5511615828991577,0.5906447276778185,0.06635102757868072,0.02686788280001995,"disputes, conform to, conform"
46,legal,svm_tfidf_coefficients,0.5962828883554617,0.5094198049979265,0.5693940441642992,0.08686308335753523,0.026888844191162553,"conform to, conform, requirements"
47,legal,contrastive_projection_intrinsic,0.6432874610415134,0.41672818705743914,0.5849031285127672,0.22655927398407422,0.0583843325287462,"comply with, comply, with"
47,legal,svm_tfidf_coefficients,0.6485319769822572,0.3711841834999809,0.5499235730979418,0.2773477934822763,0.09860840388431535,"comply with, comply, with"
48,operability,contrastive_projection_intrinsic,0.43558910549084434,0.43558910549084434,0.4355891054908444,0.0,-5.551115123125783e-17,"not, the system, shall not"
48,operability,svm_tfidf_coefficients,0.2994200105825718,0.34544543912318254,0.3241385433786361,-0.04602542854061076,-0.02471853279606434,"not, the system, in"
49,maintainability,contrastive_projection_intrinsic,0.4253917224376985,0.41177729716313516,0.42487411531110403,0.013614425274563358,0.0005176071265944882,"maintenance, within the, will"
49,maintainability,svm_tfidf_coefficients,0.44182664070650074,0.31943398259822914,0.4161969250829018,0.1223926581082716,0.025629715623598948,"maintenance, within the, will"
50,maintainability,contrastive_projection_intrinsic,0.413843257636319,0.4117779394697357,0.41394207594016313,0.002065318166583341,-9.881830384411705e-05,"new, maximum, movies"
50,maintainability,svm_tfidf_coefficients,0.36409130541863743,0.3262840527232878,0.36174530995683907,0.037807252695349625,0.002345995461798367,"new, maximum, movies"
50,scalability,contrastive_projection_intrinsic,0.40536418046585126,0.4046148140894415,0.40556716756162053,0.0007493663764097658,-0.0002029870957692692,"support, movies, to"
50,scalability,svm_tfidf_coefficients,0.34630978318999145,0.2896934653411247,0.34540805635713995,0.056616317848866726,0.0009017268328515016,"support, movies, more"
51,legal,contrastive_projection_intrinsic,0.40713331055419283,0.40713331055419283,0.40713554198030044,0.0,-2.231426107612844e-06,"all, must, that"
51,legal,svm_tfidf_coefficients,0.3013651231785699,0.3088471050857499,0.3075070123375709,-0.007481981907180024,-0.0061418891590009905,"all, case, that"
51,maintainability,contrastive_projection_intrinsic,0.41177729716313516,0.41177729716313516,0.41177813789872403,0.0,-8.407355888695456e-07,"must be, case, dispute"
51,maintainability,svm_tfidf_coefficients,0.3097366650019066,0.3219853389368043,0.31532694845085224,-0.012248673934897703,-0.005590283448945632,"case, dispute, must be"
52,usability,contrastive_projection_intrinsic,0.5818571335966669,0.5249309334593932,0.5709400050393356,0.056926200137273675,0.01091712855733129,"use, minutes, be able"
52,usability,svm_tfidf_coefficients,0.6579586204771706,0.5644537813719468,0.6334248396732318,0.09350483910522378,0.024533780803938754,"minutes, use, be able"
53,security,contrastive_projection_intrinsic,0.5204512687137871,0.46674867232990147,0.5112297604946516,0.05370259638388564,0.009221508219135477,"access, authorized, authorized users"
53,security,svm_tfidf_coefficients,0.659012564781246,0.5270508500968943,0.6256259208781366,0.1319617146843517,0.033386643903109414,"access, authorized, authorized users"
54,look_and_feel,contrastive_projection_intrinsic,0.4541701708910418,0.4431559214899018,0.4531008069346104,0.011014249401139986,0.0010693639564313684,"the website, pages, website"
54,look_and_feel,svm_tfidf_coefficients,0.5365825837056502,0.4399621625548623,0.5137113098002667,0.09662042115078784,0.02287127390538346,"the website, pages, website"
54,usability,contrastive_projection_intrinsic,0.4600547534173112,0.45924066785991696,0.45946952160546123,0.0008140855573942618,0.0005852318118499955,"only, the website, pages"
54,usability,svm_tfidf_coefficients,0.4633937559382689,0.4467411362912188,0.450473175007441,0.016652619647050115,0.01292058093082793,"the website, only, pages"
55,security,contrastive_projection_intrinsic,0.5500770089244742,0.46894023686737846,0.5381293081339528,0.08113677205709574,0.011947700790521432,"only, authorized, information"
55,security,svm_tfidf_coefficients,0.6462273548201737,0.4842221980232954,0.6130066873257006,0.16200515679687827,0.033220667494473055,"only, authorized, information"
56,usability,contrastive_projection_intrinsic,0.5819390174433251,0.5226520769867308,0.5724577767512968,0.05928694045659433,0.00948124069202827,"use, to use, and"
56,usability,svm_tfidf_coefficients,0.6087108248015387,0.5151669613802838,0.5830404639416148,0.09354386342125487,0.025670360859923913,"and, use, callers"
57,fault_tolerance,contrastive_projection_intrinsic,0.39909117449370546,0.39909117449370546,0.39909117449370546,0.0,0.0,"data, able, able to"
57,fault_tolerance,svm_tfidf_coefficients,0.2812773466383487,0.27224865090055056,0.29015063040543165,0.009028695737798131,-0.008873283767082962,"data, be, business"
58,availability,contrastive_projection_intrinsic,0.41795775977666,0.41795775977666,0.41795775977665994,0.0,5.551115123125783e-17,"with, database, all"
58,availability,svm_tfidf_coefficients,0.2765703935401977,0.28581550161866476,0.28053436423112804,-0.009245108078467068,-0.003963970690930352,"with, all, database"
58,operability,contrastive_projection_intrinsic,0.5205990660677766,0.466345754010109,0.5169971137881446,0.05425331205766759,0.0036019522796320036,"interface with, with, database"
58,operability,svm_tfidf_coefficients,0.5868203566342725,0.4777275384782709,0.5630465831679623,0.10909281815600158,0.023773773466310155,"interface with, database, with"
58,portability,contrastive_projection_intrinsic,0.482787332023112,0.43661051320315314,0.47496675156694523,0.04617681881995889,0.007820580456166792,"product must, on, systems"
58,portability,svm_tfidf_coefficients,0.5039486386517947,0.43298288094779025,0.4896349595625671,0.07096575770400448,0.014313679089227649,"product must, on, with various"
59,security,contrastive_projection_intrinsic,0.5049596159892392,0.4647681321293594,0.5014751415959166,0.040191483859879806,0.0034844743933226674,"only, access, can"
59,security,svm_tfidf_coefficients,0.6847733475332607,0.5897432726675548,0.6642145706244142,0.09503007486570592,0.020558776908846443,"only, access, ensure that"
60,legal,contrastive_projection_intrinsic,0.5446791346594732,0.4186973075872996,0.536894085192652,0.12598182707217354,0.007785049466821126,"comply with, comply, shall comply"
60,legal,svm_tfidf_coefficients,0.5500836857231197,0.37589997297377215,0.5121841454685452,0.17418371274934757,0.03789954025457454,"comply with, comply, shall comply"
60,look_and_feel,contrastive_projection_intrinsic,0.4503713356578068,0.4419923225093722,0.44984531299015407,0.008379013148434589,0.0005260226676527258,"comply with, comply, shall comply"
60,look_and_feel,svm_tfidf_coefficients,0.4466333291952789,0.3708293386506502,0.4357936341259026,0.07580399054462872,0.01083969506937632,"comply with, comply, interface"
61,legal,contrastive_projection_intrinsic,0.40713331055419283,0.40713331055419283,0.4071333105541929,0.0,-5.551115123125783e-17,"stream, can, day"
61,legal,svm_tfidf_coefficients,0.29510524331240157,0.2915165956112002,0.30082061036477953,0.003588647701201375,-0.005715367052377962,"stream, can, day"
61,security,contrastive_projection_intrinsic,0.4581297223048267,0.4488533293715307,0.4602012518414152,0.009276392933295963,-0.0020715295365885122,"only, can, within"
61,security,svm_tfidf_coefficients,0.46345655723882695,0.3750752142905058,0.45702602146693666,0.08838134294832117,0.006430535771890289,"only, can, within"
62,operability,contrastive_projection_intrinsic,0.4400306417152386,0.4356281844047854,0.44004468467844915,0.0044024573104531894,-1.4042963210558757e-05,"shall interface, interface, time"
62,operability,svm_tfidf_coefficients,0.3900571007824148,0.3459226218108785,0.3827897243200981,0.04413447897153627,0.007267376462316677,"shall interface, interface, between"
63,look_and_feel,contrastive_projection_intrinsic,0.44248884340407646,0.4419923225093722,0.44290694635210803,0.0004965208947042554,-0.00041810294803157344,"display, shall be, interface"
63,look_and_feel,svm_tfidf_coefficients,0.4005349038873019,0.40084114890448425,0.40382102922731555,-0.0003062450171823494,-0.003286125340013657,"display, shall be, system"
63,portability,contrastive_projection_intrinsic,0.407754540562345,0.39276504949681346,0.40607162629894183,0.014989491065531546,0.001682914263403168,"any, on, computer"
63,portability,svm_tfidf_coefficients,0.3899564111853507,0.3059450984388894,0.373584866237581,0.08401131274646129,0.016371544947769656,"any, on, have the"
64,security,contrastive_projection_intrinsic,0.582784412360095,0.4884639926026174,0.5675005668355193,0.09432041975747762,0.015283845524575734,"only, access, authorized"
64,security,svm_tfidf_coefficients,0.7146361680107128,0.5658974050586381,0.6808468124205183,0.14873876295207478,0.03378935559019458,"only, access, authorized"
65,look_and_feel,contrastive_projection_intrinsic,0.442234125123596,0.4419923225093722,0.44233730051597725,0.00024180261422379612,-0.00010317539238124951,"interface, that, and"
65,look_and_feel,svm_tfidf_coefficients,0.4088958649147259,0.3667935984818784,0.4054670547826551,0.04210226643284748,0.003428810132070803,"interface, and, buttons in"
65,operability,contrastive_projection_intrinsic,0.43558934106105435,0.43558910549084434,0.43573390499933573,2.3557021000542022e-07,-0.00014456393828138348,"interface, user, must be"
65,operability,svm_tfidf_coefficients,0.366136987368651,0.31512283465282703,0.36604628696697844,0.05101415271582399,9.07004016725832e-05,"interface, reports, files"
66,usability,contrastive_projection_intrinsic,0.47454607434186324,0.460028289206083,0.4717434864640549,0.014517785135780226,0.002802587877808349,"after, and, customers"
66,usability,svm_tfidf_coefficients,0.4689005504199323,0.4033557338117429,0.45507205827229164,0.0655448166081894,0.013828492147640647,"after, and, customers"
67,maintainability,contrastive_projection_intrinsic,0.41177729716313516,0.41177729716313516,0.411849550681983,0.0,-7.225351884782016e-05,"the administrator, website, the website"
67,maintainability,svm_tfidf_coefficients,0.3280203018126589,0.29460514379986974,0.33061438523249115,0.03341515801278916,-0.0025940834198322493,"the administrator, from, administrator"
67,security,contrastive_projection_intrinsic,0.44892039347212337,0.4488533293715307,0.4491115872504441,6.706410059265089e-05,-0.0001911937783207196,"administrator, at, itself"
67,security,svm_tfidf_coefficients,0.38239976956294763,0.3599741685326012,0.38362569724754214,0.02242560103034641,-0.0012259276845945077,"itself, administrator, website"
68,scalability,contrastive_projection_intrinsic,0.41487383951133816,0.4046148140894415,0.4160453730306484,0.010259025421896661,-0.0011715335193102638,"simultaneous, support, 50"
68,scalability,svm_tfidf_coefficients,0.4060825051312134,0.29340677943650495,0.375234967696861,0.11267572569470846,0.030847537434352423,"simultaneous, support, 50"
69,availability,contrastive_projection_intrinsic,0.5318685901033112,0.44882657677492616,0.5064364462377167,0.08304201332838507,0.02543214386559456,"99, time, shall achieve"
69,availability,svm_tfidf_coefficients,0.6134294091845071,0.4430758533869108,0.5577649964853405,0.17035355579759626,0.055664412699166554,"99, shall achieve, achieve"
70,usability,contrastive_projection_intrinsic,0.4810303034987103,0.46435212448386026,0.47529608439841636,0.016678179014850025,0.005734219100293925,"by, training, the system"
70,usability,svm_tfidf_coefficients,0.4817643444534696,0.4144061271488129,0.4538323555790403,0.06735821730465669,0.027931988874429325,"by, realtors, training"
71,look_and_feel,contrastive_projection_intrinsic,0.44609978165052877,0.44285885315080736,0.44629000050419343,0.003240928499721407,-0.00019021885366465874,"the website, website, on"
71,look_and_feel,svm_tfidf_coefficients,0.532012507907094,0.437862658283638,0.5117867400172884,0.09414984962345596,0.020225767889805568,"the website, website, website within"
71,performance,contrastive_projection_intrinsic,0.4995978651347325,0.46476024343506395,0.4917636586770508,0.03483762169966853,0.00783420645768168,"minutes, within, able to"
71,performance,svm_tfidf_coefficients,0.6050111576101186,0.5037026269705827,0.5738144863794504,0.10130853063953593,0.03119667123066816,"minutes, within, able to"
71,usability,contrastive_projection_intrinsic,0.5119537575236427,0.4831658508390551,0.5047014146956008,0.028787906684587583,0.00725234282804188,"minutes, within minutes, be able"
71,usability,svm_tfidf_coefficients,0.6142952935092911,0.5363767437390798,0.5802235053918581,0.07791854977021129,0.034071788117433055,"minutes, within minutes, on the"
72,operability,contrastive_projection_intrinsic,0.436188997874394,0.43558910549084434,0.43623823079934554,0.0005998923835496828,-4.9232924951514434e-05,"washing process, washing, must"
72,operability,svm_tfidf_coefficients,0.388360480492094,0.36921093465144866,0.38110768804817163,0.01914954584064532,0.007252792443922351,"washing process, washing, use"
73,look_and_feel,contrastive_projection_intrinsic,0.46016679059125193,0.44686585000793033,0.4570744605767272,0.013300940583321597,0.0030923300145247468,"table, that, according to"
73,look_and_feel,svm_tfidf_coefficients,0.5494348935373657,0.4564282669095825,0.5211717974418553,0.09300662662778325,0.028263096095510476,"according to, according, current time"
74,performance,contrastive_projection_intrinsic,0.5096274772140661,0.46503309889105265,0.5004155092041409,0.04459437832301344,0.009211968009925187,"time, in an, an acceptable"
74,performance,svm_tfidf_coefficients,0.6844493896161317,0.5522926759270447,0.6181649677921786,0.132156713689087,0.06628442182395311,"synchronize, shall synchronize, time"
75,performance,contrastive_projection_intrinsic,0.45219359384010865,0.4407682453772891,0.4543676851298081,0.011425348462819562,-0.0021740912896994202,"seconds, 60 seconds, 60"
75,performance,svm_tfidf_coefficients,0.4612468017260745,0.4056871386811258,0.4129949401066507,0.05555966304494869,0.0482518616194238,"seconds, the system, display"
76,look_and_feel,contrastive_projection_intrinsic,0.4419923225093722,0.4419923225093722,0.44199232250937215,0.0,5.551115123125783e-17,"support, have, to"
76,look_and_feel,svm_tfidf_coefficients,0.3379941757325078,0.3626951573544559,0.342889878390686,-0.024700981621948115,-0.004895702658178236,"support, to, have"
76,security,contrastive_projection_intrinsic,0.4534939426563198,0.4488533293715307,0.45405679935156745,0.004640613284789097,-0.0005628566952476377,"access, access to, registered"
76,security,svm_tfidf_coefficients,0.4698952670849061,0.42601424958130796,0.4670346858787884,0.04388101750359813,0.002860581206117707,"access, registered, support"
76,usability,contrastive_projection_intrinsic,0.46209774363190076,0.4594703065810773,0.46152476169525836,0.002627437050823467,0.0005729819366424027,"minutes, support, within minutes"
76,usability,svm_tfidf_coefficients,0.42569202905674053,0.4222880913580984,0.41470943653305,0.003403937698642112,0.010982592523690549,"support, minutes, within minutes"
77,availability,contrastive_projection_intrinsic,0.7987360023305332,0.6781716383022302,0.76932309864924,0.12056436402830306,0.029412903681293234,"available, per, be available"
77,availability,svm_tfidf_coefficients,0.7507822390484062,0.634226060550912,0.7159932115142947,0.11655617849749422,0.034789027534111505,"per, available, be available"
78,availability,contrastive_projection_intrinsic,0.5444494641662029,0.4485650698553895,0.5319577433724342,0.09588439431081336,0.012491720793768701,"available, be available, hours"
78,availability,svm_tfidf_coefficients,0.5879712719148664,0.4463597507292051,0.557365374624863,0.14161152118566134,0.030605897290003403,"available, be available, hours"
79,security,contrastive_projection_intrinsic,0.45007965542740164,0.4488533293715307,0.4509145646569468,0.0012263260558709188,-0.0008349092295451555,"only, for, shall be"
79,security,svm_tfidf_coefficients,0.43832060564707176,0.34139511860719457,0.42281525610248516,0.09692548703987719,0.0155053495445866,"only, user, search"
80,security,contrastive_projection_intrinsic,0.4764389039290916,0.45124738267065745,0.47677512761902685,0.025191521258434157,-0.00033622368993524443,"only, access, can"
80,security,svm_tfidf_coefficients,0.5564482017710878,0.4493661629422555,0.5325813048986139,0.10708203882883227,0.023866896872473897,"role, only, access"
81,portability,contrastive_projection_intrinsic,0.5056449180950924,0.4197354428588508,0.4796028580908046,0.0859094752362416,0.02604206000428777,"operating, any, on"
81,portability,svm_tfidf_coefficients,0.5468651911197103,0.394350137313679,0.5096253098981,0.1525150538060313,0.03723988122161037,"any, operating, any operating"
82,legal,contrastive_projection_intrinsic,0.6137183420733886,0.41876791572328853,0.5591668207410755,0.19495042635010007,0.05455152133231311,"comply with, comply, standards"
82,legal,svm_tfidf_coefficients,0.6397181385898598,0.3833599120700671,0.5457089581360356,0.25635822651979273,0.09400918045382423,"comply with, comply, standards"
82,security,contrastive_projection_intrinsic,0.4491823882317837,0.4488533293715307,0.44950535790598506,0.00032905886025297315,-0.0003229696742013677,"will, will comply, with"
82,security,svm_tfidf_coefficients,0.43761914756579406,0.3794113966688338,0.42725108482073587,0.058207750896960286,0.010368062745058193,"will comply, will, website"
83,operability,contrastive_projection_intrinsic,0.43885356620600063,0.43558910549084434,0.4389807250661114,0.003264460715156292,-0.00012715886011077648,"used, be used, be"
83,operability,svm_tfidf_coefficients,0.4376519894623229,0.33530224194151664,0.4287477828337789,0.10234974752080628,0.00890420662854402,"used, be used, be"
83,portability,contrastive_projection_intrinsic,0.395461676400933,0.3927394693046174,0.3959565592428773,0.0027222070963155987,-0.0004948828419443219,"hardware, support, the same"
83,portability,svm_tfidf_coefficients,0.3353999123395483,0.3041631445257868,0.32836598632549757,0.0312367678137615,0.007033926014050729,"hardware, support, be used"
84,legal,contrastive_projection_intrinsic,0.5378642925169591,0.47806563835248395,0.525764205427473,0.05979865416447516,0.012100087089486067,"guidelines, specified, in compliance"
84,legal,svm_tfidf_coefficients,0.635476250366849,0.516785862287511,0.5973290709490681,0.11869038807933796,0.038147179417780896,"guidelines, in compliance, compliance"
85,security,contrastive_projection_intrinsic,0.4627248512391765,0.44929020127634023,0.4628055051214021,0.013434649962836276,-8.065388222561198e-05,"only, access, users with"
85,security,svm_tfidf_coefficients,0.5193636572845133,0.43995708553122614,0.5105611799528194,0.07940657175328714,0.008802477331693925,"only, access, users with"
86,performance,contrastive_projection_intrinsic,0.4407682453772891,0.4407682453772891,0.44076824537728904,0.0,5.551115123125783e-17,"within, product, the product"
86,performance,svm_tfidf_coefficients,0.3357135692393319,0.31259213183209206,0.33985005572857574,0.02312143740723982,-0.004136486489243862,"within, year, users"
86,scalability,contrastive_projection_intrinsic,0.46241025568143157,0.4243296352359509,0.45589032724640943,0.03808062044548066,0.006519928435022138,"number, users, 1000"
86,scalability,svm_tfidf_coefficients,0.4534660123970648,0.3681057150574033,0.4375537290157755,0.0853602973396615,0.015912283381289305,"number, users, 1000"
87,security,contrastive_projection_intrinsic,0.4942626303083017,0.4495546912485932,0.4925579320592629,0.04470793905970849,0.001704698249038794,"only, access, access the"
87,security,svm_tfidf_coefficients,0.6164817857666743,0.4394696483046745,0.5773797224395862,0.17701213746199984,0.0391020633270881,"only, access, access the"
88,security,contrastive_projection_intrinsic,0.5241407876082812,0.4712269316965778,0.5194082245169911,0.05291385591170339,0.0047325630912901095,"only, authorized, only authorized"
88,security,svm_tfidf_coefficients,0.6636227588854089,0.5549410785730234,0.6344696159835173,0.10868168031238545,0.029153142901891638,"only, authorized, logon"
89,security,contrastive_projection_intrinsic,0.6838297247180891,0.5195358742790747,0.6434851743668506,0.16429385043901445,0.04034455035123852,"only, access, authorized"
89,security,svm_tfidf_coefficients,0.7922200364889136,0.5989838835991417,0.7172855520309416,0.19323615288977192,0.07493448445797202,"only, access, authorized"
90,performance,contrastive_projection_intrinsic,0.4407682453772891,0.4407682453772891,0.44076824537728904,0.0,5.551115123125783e-17,"product, the product, product shall"
90,performance,svm_tfidf_coefficients,0.35509744574581403,0.334200471426284,0.3568159180024127,0.020896974319530026,-0.0017184722565986577,"load, product, shall provide"
90,scalability,contrastive_projection_intrinsic,0.4069501910253552,0.4061773132713491,0.40699039744937016,0.0007728777540060849,-4.020642401497687e-05,"and, product shall, as"
90,scalability,svm_tfidf_coefficients,0.32495105991529677,0.3221846924938505,0.3226178822526299,0.0027663674214462586,0.0023331776626668854,"and, as, to"
90,usability,contrastive_projection_intrinsic,0.46015541602703847,0.45515284703557113,0.4582272310340148,0.005002568991467338,0.0019281849930236628,"and, shall provide, as"
90,usability,svm_tfidf_coefficients,0.4445131301861044,0.3909123062533817,0.4247467686260198,0.053600823932722697,0.0197663615600846,"and, shall provide, as"
91,security,contrastive_projection_intrinsic,0.4569464394710018,0.45235027751334717,0.4553366926503851,0.00459616195765461,0.0016097468206166532,"malicious, shall be, that"
91,security,svm_tfidf_coefficients,0.494942906276307,0.40913030738935585,0.4727647437003059,0.08581259888695114,0.02217816257600108,"malicious, that, it"
92,maintainability,contrastive_projection_intrinsic,0.4332655942483559,0.4144107857619965,0.4298462156099486,0.018854808486359398,0.0034193786384073,"maintenance, updated, be updated"
92,maintainability,svm_tfidf_coefficients,0.4536943340551735,0.3575710514174078,0.4212199535848063,0.0961232826377657,0.032474380470367215,"maintenance, updated, be updated"
93,operability,contrastive_projection_intrinsic,0.43558910549084434,0.43558910549084434,0.4355891054908444,0.0,-5.551115123125783e-17,"web, user, of the"
93,operability,svm_tfidf_coefficients,0.2973523695881174,0.2930170283432055,0.30496374970860396,0.004335341244911917,-0.007611380120486566,"web, internet explorer, explorer"
94,performance,contrastive_projection_intrinsic,0.49814391766762584,0.4430852625114534,0.49410619289828067,0.05505865515617242,0.0040377247693451634,"seconds, time, within seconds"
94,performance,svm_tfidf_coefficients,0.6297803092203723,0.44411922839469486,0.5876972675177972,0.18566108082567745,0.04208304170257515,"seconds, time, within seconds"
95,legal,contrastive_projection_intrinsic,0.4100882198843534,0.40713331055419283,0.4102949676623432,0.002954909330160571,-0.00020674777798979083,"creation, the disputes, disputes"
95,legal,svm_tfidf_coefficients,0.346845686320735,0.3044963879323315,0.3414751209902916,0.042349298388403456,0.005370565330443389,"creation, the disputes, disputes"
95,maintainability,contrastive_projection_intrinsic,0.41177729716313516,0.41177729716313516,0.41177729716313516,0.0,0.0,"disputes, the disputes, 100 of"
95,maintainability,svm_tfidf_coefficients,0.2998067080035512,0.32776922088496235,0.30410406778825017,-0.02796251288141116,-0.004297359784698973,"disputes, time, the disputes"
96,look_and_feel,contrastive_projection_intrinsic,0.48003873615346626,0.45097531874303387,0.4768877232725132,0.02906341741043239,0.0031510128809530413,"look, feel, look and"
96,look_and_feel,svm_tfidf_coefficients,0.5895577558709453,0.4737863484700235,0.5627579810183406,0.11577140740092179,0.026799774852604652,"look, feel, look and"
97,performance,contrastive_projection_intrinsic,0.5213524530907468,0.4557925967024449,0.5111837088978498,0.06555985638830197,0.010168744192897039,"seconds, in, under"
97,performance,svm_tfidf_coefficients,0.6026231342696807,0.44702845382433576,0.5685070098258823,0.15559468044534497,0.03411612444379841,"seconds, in, under"
97,usability,contrastive_projection_intrinsic,0.4871475917413856,0.46591923603175117,0.48251446306716406,0.02122835570963444,0.004633128674221554,"be able, under, in under"
97,usability,svm_tfidf_coefficients,0.5200854884154675,0.44434657231470276,0.4986031118884678,0.07573891610076477,0.021482376526999747,"under, in under, be able"
98,look_and_feel,contrastive_projection_intrinsic,0.4419923225093722,0.4419923225093722,0.4420290958488317,0.0,-3.6773339459506005e-05,"on, must, be"
98,look_and_feel,svm_tfidf_coefficients,0.38637564703145005,0.40537378240792643,0.39349437623546585,-0.018998135376476377,-0.0071187292040157946,"on, must, data"
98,usability,contrastive_projection_intrinsic,0.4672884168077086,0.45525864715098757,0.46630176092343123,0.012029769656721034,0.0009866558842773765,"be able, able to, 90 of"
98,usability,svm_tfidf_coefficients,0.45328997063866916,0.37669371137363095,0.4363223076611454,0.07659625926503821,0.01696766297752378,"90 of, 90, be able"
99,availability,contrastive_projection_intrinsic,0.5165599358196856,0.43418092216631643,0.508084192856989,0.08237901365336919,0.008475742962696597,"available, be available, the time"
99,availability,svm_tfidf_coefficients,0.5591413295554222,0.39733837267965816,0.5344633905169535,0.16180295687576401,0.02467793903846871,"available, be available, of the"
100,operability,contrastive_projection_intrinsic,0.43919753796952055,0.43558910549084434,0.4392804130400533,0.0036084324786762045,-8.287507053272858e-05,"web, shall be, of the"
100,operability,svm_tfidf_coefficients,0.4277003251270704,0.35953027598561327,0.4117653957198924,0.06817004914145713,0.015934929407178,"web, shall be, the website"
101,security,contrastive_projection_intrinsic,0.5244296853144925,0.4692950316734822,0.5230667976805907,0.055134653641010334,0.0013628876339017992,"information, only, authorized"
101,security,svm_tfidf_coefficients,0.6816057222799389,0.5676586639888775,0.6628468986945684,0.11394705829106133,0.01875882358537051,"information, only, authorized"
102,performance,contrastive_projection_intrinsic,0.5039470273776875,0.4554367183831061,0.49682298778958534,0.048510308994581364,0.007124039588102149,"seconds, under, in under"
102,performance,svm_tfidf_coefficients,0.5785792436396197,0.457024318422268,0.5471444610850233,0.12155492521735167,0.03143478255459631,"seconds, under, in under"
102,usability,contrastive_projection_intrinsic,0.4684240284394504,0.45723055418102193,0.466870383821203,0.011193474258428482,0.0015536446182474184,"be able, under, in under"
102,usability,svm_tfidf_coefficients,0.4390767867834314,0.37815183526126295,0.4275722508937483,0.06092495152216848,0.011504535889683143,"under, in under, be able"
103,legal,contrastive_projection_intrinsic,0.42804278867289736,0.41413990112301086,0.4229551609141424,0.0139028875498865,0.005087627758754931,"color, application, set forth"
103,legal,svm_tfidf_coefficients,0.42651939830147423,0.36051571278280875,0.4019728970485599,0.06600368551866548,0.024546501252914354,"set forth, forth by, forth"
103,look_and_feel,contrastive_projection_intrinsic,0.44447335764938756,0.4419923225093722,0.44462900055163135,0.002481035140015353,-0.00015564290224379107,"color, of the, the application"
103,look_and_feel,svm_tfidf_coefficients,0.4441818357119194,0.35068875704817337,0.43920409878799105,0.09349307866374601,0.004977736923928333,"color, of, of the"
104,scalability,contrastive_projection_intrinsic,0.45189286927309064,0.4258128906338081,0.4475745389789541,0.02607997863928252,0.00431833029413653,"representatives shall, representatives, services representatives"
104,scalability,svm_tfidf_coefficients,0.43987023662906977,0.38683056702280527,0.42819077098579805,0.053039669606264495,0.011679465643271714,"representatives shall, representatives, services representatives"
104,usability,contrastive_projection_intrinsic,0.48130892735547454,0.4600981898816562,0.4790697339931002,0.021210737473818353,0.0022391933623743254,"use, after, and"
104,usability,svm_tfidf_coefficients,0.5142027876853714,0.4317386053606226,0.4991402879121074,0.08246418232474884,0.015062499773264015,"use, after, and"
105,performance,contrastive_projection_intrinsic,0.4407682453772891,0.44082384739098596,0.44076824537728904,-5.5602013696864905e-05,5.551115123125783e-17,"product, the product, product shall"
105,performance,svm_tfidf_coefficients,0.3359843214505365,0.35649632269804515,0.34478864547020543,-0.020512001247508627,-0.008804324019668908,"the system, every, product"
106,availability,contrastive_projection_intrinsic,0.4874770697143075,0.43258783267195866,0.48055302422804475,0.054889237042348826,0.006924045486262742,"time, the time, of the"
106,availability,svm_tfidf_coefficients,0.48635627539395726,0.36104040349098165,0.46931722815445526,0.1253158719029756,0.017039047239502003,"time, of the, the time"
106,performance,contrastive_projection_intrinsic,0.6256154581912463,0.5184199496084049,0.6089216405368014,0.10719550858284144,0.016693817654444887,"seconds, time, than"
106,performance,svm_tfidf_coefficients,0.6576820336497213,0.5174345853010369,0.6274614767818,0.1402474483486844,0.030220556867921355,"seconds, time, no"
107,scalability,contrastive_projection_intrinsic,0.4276132306320522,0.4057333096061286,0.42473852251306204,0.02187992102592362,0.0028747081189901547,"000, 100, capable of"
107,scalability,svm_tfidf_coefficients,0.41595992764385836,0.3195759279745259,0.39238756163530075,0.09638399966933248,0.02357236600855761,"000, capable of, capable"
108,look_and_feel,contrastive_projection_intrinsic,0.4453725876726277,0.4419923225093722,0.4453961895192771,0.0033802651632555136,-2.360184664940146e-05,"the interface, use, interface"
108,look_and_feel,svm_tfidf_coefficients,0.4538402730411027,0.3381901198229283,0.44607855472023167,0.1156501532181744,0.007761718320871025,"the interface, use, interface"
108,usability,contrastive_projection_intrinsic,0.5804031661785853,0.5131707012252856,0.5746368621159751,0.06723246495329971,0.00576630406261025,"use, to use, be easy"
108,usability,svm_tfidf_coefficients,0.6440257502903961,0.565393699139489,0.6230487114520951,0.0786320511509071,0.020977038838301043,"use, the interface, to use"
109,look_and_feel,contrastive_projection_intrinsic,0.4686175503518908,0.4439742966566894,0.4620339448192747,0.024643253695201373,0.00658360553261611,"the website, website, website should"
109,look_and_feel,svm_tfidf_coefficients,0.5983306174530268,0.4319582581543967,0.5291491689749381,0.16637235929863015,0.06918144847808871,"the website, website, website should"
109,usability,contrastive_projection_intrinsic,0.45641054839754713,0.45462834011355197,0.4561882724076971,0.001782208283995168,0.00022227598985002928,"the website, all, website"
109,usability,svm_tfidf_coefficients,0.4369468240916187,0.3469934597906033,0.41003245604282634,0.08995336430101541,0.02691436804879238,"the website, website, to all"
110,look_and_feel,contrastive_projection_intrinsic,0.46541331500881056,0.4444032851675944,0.45869197512983617,0.021010029841216138,0.006721339878974386,"professional, appearance, have"
110,look_and_feel,svm_tfidf_coefficients,0.5514263084316386,0.3858258618774205,0.5089701104473053,0.16560044655421813,0.04245619798433331,"professional, appearance, and"
111,availability,contrastive_projection_intrinsic,0.43182600720837644,0.4190786769142195,0.4290637733169696,0.012747330294156922,0.00276223389140684,"24, free, system will"
111,availability,svm_tfidf_coefficients,0.4174830710518692,0.34251118677225234,0.39941289356518,0.07497188427961687,0.01807017748668921,"24, free, support to"
112,performance,contrastive_projection_intrinsic,0.5075967699656625,0.45378407168775714,0.5017432665218859,0.05381269827790536,0.005853503443776553,"seconds, than, no"
112,performance,svm_tfidf_coefficients,0.5507306847931203,0.4351959969126983,0.5310631767997205,0.11553468788042198,0.01966750799339978,"seconds, time, no"
113,look_and_feel,contrastive_projection_intrinsic,0.4572173308235246,0.4424197410238831,0.4563085370776293,0.01479758979964152,0.0009087937458953088,"look, feel, and"
113,look_and_feel,svm_tfidf_coefficients,0.5500213993453185,0.4376993387573959,0.5322177857917216,0.11232206058792255,0.01780361355359683,"look, feel, look and"
114,operability,contrastive_projection_intrinsic,0.681426447233124,0.4939448777106383,0.6136236611662526,0.18748156952248568,0.0678027860668714,"interface with, shall interface, with the"
114,operability,svm_tfidf_coefficients,0.7597021454802366,0.5094525568477974,0.6726979778621056,0.2502495886324392,0.08700416761813101,"interface with, shall interface, server"
